Seção;Grupo;Código;Produto;Preço (R$);Só em loja;Cores no catálogo (informativo);Cor da foto (preferir preta);Nome do arquivo em _originais;Foto pronta? (x)
Cápsulas;Cyberflora;FOA408019;Cyberflora Ellipse Glass SS Tee;179,90;;Blackout / Mediterranean;Blackout;FOA408019.jpg;
Cápsulas;Cyberflora;FOA408021;Cyberflora Bloomin Hand SS Tee;199,90;;Blackout / Mist;Blackout;FOA408021.jpg;
Cápsulas;Cyberflora;FOA408020;Cyberflora Metal Blossom SS Tee;229,90;;Blackout / Mist;Blackout;FOA408020.jpg;
Cápsulas;Cyberflora;FOA408074;Cyberflora Blossom II SS Tee;229,90;;Blackout;Blackout;FOA408074.jpg;
Cápsulas;Cyberflora;FOA408590;Hologram Frog SS Tee;179,90;;Blackout / White / Cement;Blackout;FOA408590.jpg;
Cápsulas;Cyberflora;FOA408585;Cyber Dome SS Tee;299,90;;Blackout / Cocoa Brown;Blackout;FOA408585.jpg;
Cápsulas;Cyberflora;FOA408583;Cyberblossom SS Tee;299,90;;Blackout / White / Mediterranean;Blackout;FOA408583.jpg;
Cápsulas;Photochromic;FOF100770;Crossfire Photochromic;799,90;;;;FOF100770.jpg;
Cápsulas;Biolumia;FOA407993;Biolumia Creature SS Tee;149,90;;Blackout / Faded Green;Blackout;FOA407993.jpg;
Cápsulas;Biolumia;FOA408592;Jellyfish Bubbles SS Tee;149,90;;Blackout / White / Abyss;Blackout;FOA408592.jpg;
Cápsulas;Biolumia;FOA408593;Biolumia Frog SS Tee;149,90;;Blackout / White;Blackout;FOA408593.jpg;
Cápsulas;Biolumia;FOA407991;Biolumia Jellyfish SS Tee;169,90;;Blackout / Lead / Faded Green;Blackout;FOA407991.jpg;
Cápsulas;Biolumia;FOA407992;Biolumia Octopus SS Tee;199,90;;Blackout / Mist;Blackout;FOA407992.jpg;
Cápsulas;Biolumia;FOA408091;Jupiter's Adventure SS Tee;249,90;;Blackout / Mediterranean / Mist;Blackout;FOA408091.jpg;
Cápsulas;Biolumia;FOA408586;Mad Octopus SS Tee;279,90;;Blackout / White / Lead;Blackout;FOA408586.jpg;
Cápsulas;Biolumia;FOA409126;"B1B Block Trunkshorts III 16""";299,90;;Humus / Blackout;Blackout;FOA409126.jpg;
Cápsulas;Biolumia;FOA408000;"Biolumia Color Boardshorts 18""";399,90;;Black/White;Black/White;FOA408000.jpg;
Cápsulas;Urbanverse;FOA408577;Urbanverse Planet SS Tee;179,90;;Blackout / Dark Grey / White;Blackout;FOA408577.jpg;
Cápsulas;Urbanverse;FOA408578;Urbanverse 3D Building SS Tee;179,90;;Blackout / Dark Grey / White;Blackout;FOA408578.jpg;
Cápsulas;Urbanverse;FOA408576;Urbanverse City Dive SS Tee;229,90;;Blackout / Dark Grey;Blackout;FOA408576.jpg;
Cápsulas;Urbanverse;FOA408023;Urbanverse Ellipse Edge SS Tee;249,90;;Lunar Rock;Lunar Rock;FOA408023.jpg;
Cápsulas;Urbanverse;FOA408589;Urbanverse Patch SS Tee;249,90;;Blackout / Lead;Blackout;FOA408589.jpg;
Cápsulas;Urbanverse;FOA408022;Urbanverse Edge SS Tee;349,90;;Blackout;Blackout;FOA408022.jpg;
Cápsulas;Urbanverse;FOA408058;Urbanverse Edge Pants;1.299,90;;Blackout;Blackout;FOA408058.jpg;
Cápsulas;Urbanverse;FOA408068;Urbanverse Edge Jacket;1.699,90;;Blackout;Blackout;FOA408068.jpg;
Cápsulas;Grungecore;FOA408018;Grungecore Metal Pin SS Tee;349,90;;Black Wash;Black Wash;FOA408018.jpg;
Cápsulas;Grungecore;FOA408052;Grungecore Zip Hoodie;899,90;;Black Wash;Black Wash;FOA408052.jpg;
Cápsulas;Grungecore;FOA408537;Grungecore Shorts;899,90;;Black Wash;Black Wash;FOA408537.jpg;
Training;Regatas;FOA403204;Daily Sport Tank III;119,90;;Blackout;Blackout;FOA403204.jpg;
Training;Regatas;FOA407539;TRN Wave Tank;149,90;;Blackout;Blackout;FOA407539.jpg;
Training;Regatas;FOA407996;TRN Dynamic Mesh Tank;169,90;;Blackout;Blackout;FOA407996.jpg;
Training;Camisetas;FOA403208;Daily Sport Tee III;129,90;;Blackout;Blackout;FOA403208.jpg;
Training;Camisetas;FOA403209;Daily Sport LS 3.0 Tee;139,90;;Blackout;Blackout;FOA403209.jpg;
Training;Camisetas;FOA406185;TRN Logo SS Tee III;149,90;;Stone Grey / Blackout;Blackout;FOA406185.jpg;
Training;Camisetas;FOA408579;TRN Ellipse Blur SS Tee;149,90;;Blackout / Stone Wash Blue;Blackout;FOA408579.jpg;
Training;Camisetas;FOA407987;TRN Dynamic Mesh SS Tee;199,90;;Blackout;Blackout;FOA407987.jpg;
Training;Shorts;FOA402724;Sports Knit Shorts;179,90;;Blackout;Blackout;FOA402724.jpg;
Training;Shorts;FOA407997;"TRN Dynamic Mesh Shorts 19""";229,90;;Blackout;Blackout;FOA407997.jpg;
Training;Shorts;FOA407998;"TRN Curve Tech Shorts 18""";249,90;;Dark Grey / Blackout;Blackout;FOA407998.jpg;
Training;Linha Blade;FOA408571;Blade Sun Protect SS Tee;299,90;;Blackout;Blackout;FOA408571.jpg;
Training;Linha Blade;FOA408572;"Blade Pro Boardshorts 18""";599,90;;Abyss / Blackout;Blackout;FOA408572.jpg;
Apparel;Camisetas;457290BR;Mark II SS Tee;129,90;;Heather Grey / White / Blackout;Blackout;457290BR.jpg;
Apparel;Camisetas;457289BR;O-Bark SS Tee;129,90;;White;White;457289BR.jpg;
Apparel;Camisetas;457292BR;Bark New Tee;129,90;;White / Lead;White;457292BR.jpg;
Apparel;Camisetas;FOA407857;Patch Tee II;129,90;;Rosewood / Aviator Green / Cement / White / Blackout;Blackout;FOA407857.jpg;
Apparel;Camisetas;FOA408597;O-Spider Web SS Tee;129,90;;Blackout / White;Blackout;FOA408597.jpg;
Apparel;Camisetas;FOA408081;Bunker Sketch SS Tee;129,90;;Mist / Blackout;Blackout;FOA408081.jpg;
Apparel;Camisetas;457291BR;O-Ellipse SS Tee;139,90;;White / Blackout;Blackout;457291BR.jpg;
Apparel;Camisetas;457293BR;Mark II LS Tee;149,90;;White / Blackout;Blackout;457293BR.jpg;
Apparel;Camisetas;FOA408596;O-Oakley B1B Thunder SS Tee;149,90;;White / Blackout / Aviator Green;Blackout;FOA408596.jpg;
Apparel;Camisetas;FOA408007;B1B Classics SS Tee II;149,90;;Aviator Green / Off White / Blackout;Blackout;FOA408007.jpg;
Apparel;Camisetas;FOA408591;Ellipse Gradient SS Tee;149,90;;Blackout;Blackout;FOA408591.jpg;
Apparel;Camisetas;FOA408594;B1B Trim SS Tee;149,90;;Blackout / White;Blackout;FOA408594.jpg;
Apparel;Camisetas;FOA406039;Heritage Skull Tee;149,90;;Blackout / White / Cement / Lead;Blackout;FOA406039.jpg;
Apparel;Camisetas;FOA407221;Ellipse Magma SS Tee;169,90;;Blackout / Mist / Lead;Blackout;FOA407221.jpg;
Apparel;Camisetas;FOA408599;O-Galaxy SS Tee;179,90;;Blackout / Abyss;Blackout;FOA408599.jpg;
Apparel;Camisetas;FOA408598;Bunker Tech SS Tee;179,90;;Blackout / Mist;Blackout;FOA408598.jpg;
Apparel;Camisetas;FOA407226;Stretch Ellipse Logo SS Tee;199,90;;Cement / Blackout;Blackout;FOA407226.jpg;
Apparel;Camisetas;FOA407552;Thermonuclear Logo SS Tee;229,90;;Jet Black / Lunar Rock / Straw / Dark Grey;Jet Black;FOA407552.jpg;
Apparel;Camisetas;FOA407508;Heritage Ellipse Metal SS Tee;249,90;Morumbi;Blackout;Blackout;FOA407508.jpg;
Apparel;Camisetas;FOA407219;Big Skull SS Tee;249,90;;Straw / Blackout / White;Blackout;FOA407219.jpg;
Apparel;Camisetas;FOA407220;Ellipse Sharp Metal Tee;279,90;;Mist / Blackout;Blackout;FOA407220.jpg;
Apparel;Camisetas;FOA408587;O-Sun SS Tee;279,90;;Cocoa Brown / Blackout;Blackout;FOA408587.jpg;
Apparel;Camisetas;FOA407239;Patch Tee Three Pack Combo;299,90;;White / Blackout / Miscellaneous;Blackout;FOA407239.jpg;
Apparel;Polos;434268BR;Patch Polo Piquet Heroes 215g;299,90;;Blackout / White;Blackout;434268BR.jpg;
Apparel;Polos;FOA407495;Sport Zip SS Polo;449,90;;Blackout;Blackout;FOA407495.jpg;
Apparel;Regatas;457297BR;Patch Tank;119,90;;Blackout / White / Rosewood / Heather Grey;Blackout;457297BR.jpg;
Apparel;Regatas;457296BR;Mark II Tank;119,90;;Blackout / White;Blackout;457296BR.jpg;
Apparel;Regatas;457295BR;Bark Tank;119,90;;Blackout / White;Blackout;457295BR.jpg;
Apparel;Regatas;FOA408600;B1B Thunder Tank;149,90;;Blackout;Blackout;FOA408600.jpg;
Apparel;Moletons, corta-ventos e jaquetas;FOA405580;Bark Crew;329,90;;Blackout;Blackout;FOA405580.jpg;
Apparel;Moletons, corta-ventos e jaquetas;FOA407293;Essential Windbreaker Polyester;329,90;;Blackout;Blackout;FOA407293.jpg;
Apparel;Moletons, corta-ventos e jaquetas;472430BR;Patch 2.0 Hoodie;399,90;;Blackout / Dark Grey;Blackout;472430BR.jpg;
Apparel;Moletons, corta-ventos e jaquetas;FOA403315;Patch F/Z Hoodie;449,90;;Blackout;Blackout;FOA403315.jpg;
Apparel;Moletons, corta-ventos e jaquetas;472428BR;B1B PO Hoodie;449,90;;Blackout;Blackout;472428BR.jpg;
Apparel;Moletons, corta-ventos e jaquetas;FOA407290;Windbreaker II Polyester;449,90;;Blackout;Blackout;FOA407290.jpg;
Apparel;Moletons, corta-ventos e jaquetas;FOA407202;Double Ellipse Hoodie;499,90;;Blackout;Blackout;FOA407202.jpg;
Apparel;Moletons, corta-ventos e jaquetas;FOA407827;Big O 3D Logo Hoodie;499,90;;Blackout;Blackout;FOA407827.jpg;
Apparel;Moletons, corta-ventos e jaquetas;FOA407199;Sports Windbreaker;599,90;;Blackout;Blackout;FOA407199.jpg;
Apparel;Moletons, corta-ventos e jaquetas;FOA409330;Future Tech Jacket;799,90;;Dark Grey;Dark Grey;FOA409330.jpg;
Apparel;Calças;FOA407181;Cargo Zip Pants Ripstop;399,90;;Shadow / Blackout;Blackout;FOA407181.jpg;
Apparel;Calças;FOA407183;Outdoor Pants Tricoline Cannes;449,90;;Blackout;Blackout;FOA407183.jpg;
Apparel;Calças;FOA405985;Hybrid Cargo 365 Pant;449,90;;Blackout;Blackout;FOA405985.jpg;
Apparel;Calças;FOA408055;Loose Cargo Pants Cotton Touch;499,90;;Blackout / Pebble;Blackout;FOA408055.jpg;
Apparel;Shorts;FOA408353;"Trunk Heather Shorts 18""";249,90;;Dark Blue / Mist / Blackout;Blackout;FOA408353.jpg;
Apparel;Shorts;FOA407554;"Basic Ellipse Logo Walkshorts 16""";329,90;;Mist / Blackout;Blackout;FOA407554.jpg;
Apparel;Shorts;FOA407188;"Essential Walkshorts 16""";329,90;;Mist / Blackout;Blackout;FOA407188.jpg;
Apparel;Shorts;FOA405561;"Hybrid Shorts II 18"" Polyester";349,90;;Blackout / Mist;Blackout;FOA405561.jpg;
Apparel;Shorts;FOA407186;"Cargo Zip Shorts 21""";349,90;;Pebble / Cement / Blackout;Blackout;FOA407186.jpg;
Apparel;Shorts;FOA408048;"Outdoor Washed Shorts 18""";349,90;;Blackout;Blackout;FOA408048.jpg;
Apparel;Shorts;FOA407999;"Topstitch Color Shorts 18""";399,90;;Blackout / Mist;Blackout;FOA407999.jpg;
Apparel;Shorts;FOA405996;"Hybrid 365 Shorts 18"" 4Way Stretch";449,90;;Dark Brush / Pebble / Blackout;Blackout;FOA405996.jpg;
Apparel;Shorts;FOA409125;"Classic Twill Shorts 21""";499,90;;Blackout;Blackout;FOA409125.jpg;
Apparel;Beachshorts e boardshorts;FOA405634;Essential Pocket Trunk Shorts;249,90;;Pacific / Humus / Blackout;Blackout;FOA405634.jpg;
Apparel;Beachshorts e boardshorts;FOA408605;"Curved Block Trunkshort 18""";299,90;;Pebble / Blackout;Blackout;FOA408605.jpg;
Apparel;Beachshorts e boardshorts;FOA408608;"Graphic Boardshorts II 20""";299,90;;Blackout / Abyss;Blackout;FOA408608.jpg;
Apparel;Beachshorts e boardshorts;FOA408611;"Kana Boardshorts II 20""";299,90;;Lead;Lead;FOA408611.jpg;
Apparel;Beachshorts e boardshorts;FOA408610;"Hybrid Curve Boardshorts 18""";299,90;;Blackout / Cement;Blackout;FOA408610.jpg;
Apparel;Beachshorts e boardshorts;FOA408033;"Outdoor Tech Trunkshorts 18""";349,90;;Lead / Pebble / Blackout;Blackout;FOA408033.jpg;
Apparel;Meias e underwear;FOS900424;Bark Low Quarter;49,90;;Blackout;Blackout;FOS900424.jpg;
Apparel;Meias e underwear;FOS900426;No Show Sock;49,90;;Blackout;Blackout;FOS900426.jpg;
Apparel;Meias e underwear;FOS900421;Crew Sock;59,90;;Blackout / Off White;Blackout;FOS900421.jpg;
Apparel;Meias e underwear;FOS900420;Urban Crew Sock;69,90;;White / Blackout;Blackout;FOS900420.jpg;
Apparel;Meias e underwear;FOS902323;Skull Sock;79,90;;White / Blackout / Stone Grey;Blackout;FOS902323.jpg;
Apparel;Meias e underwear;FOS900606;Invisible Socks 2 Pack;89,90;;Blackout;Blackout;FOS900606.jpg;
Apparel;Meias e underwear;FOS900427;Essential No Show 3 Pack;89,90;;Navy Blue / White;White;FOS900427.jpg;
Apparel;Meias e underwear;FOS900425;Bark Low Quarter 3 Pack;119,90;;Miscellaneous;Miscellaneous;FOS900425.jpg;
Apparel;Meias e underwear;FOS900422;Crew 3 Pack Sock 2.0;119,90;;Jet Black / White / Blackout;Jet Black;FOS900422.jpg;
Apparel;Meias e underwear;FOA408493;"Underwear 2Pack 6""";199,90;;White;White;FOA408493.jpg;
Calçados;Outdoor;FOF100771;Rampage;449,90;;Black / White / Khaki;Black;FOF100771.jpg;
Calçados;Outdoor;FOF100456;Battle;599,90;;Black / Grigio Scuro;Black;FOF100456.jpg;
Calçados;Outdoor;FOF100631;Bridge;649,90;;Black / Uniform Grey;Black;FOF100631.jpg;
Calçados;Outdoor;FOF100669;Halftrack Low III;699,90;;White / Black;Black;FOF100669.jpg;
Calçados;Outdoor;FOF100751;Crossfire;699,90;;Pebble / Black / Lunar Rock;Black;FOF100751.jpg;
Calçados;Outdoor;FOF100576;Granadier;749,90;;Black;Black;FOF100576.jpg;
Calçados;Outdoor;FOF100724;Wood Fire;799,90;;Black / Wood Grey;Black;FOF100724.jpg;
Calçados;Outdoor;FOF100575;Flak III;899,90;;Black / Jet Black / Stone Grey / Humus / Arctic White;Black;FOF100575.jpg;
Calçados;Teeth;FOF100547;Teeth Bomb;1.099,90;;;;FOF100547.jpg;
Calçados;Teeth;FOF100545;Teeth 1;1.599,90;;White;White;FOF100545.jpg;
Calçados;Casual / Lifestyle;FOF100757;Delta;399,90;Morumbi + Dom Pedro;Humus / Lead / Jet Black / Off White;Jet Black;FOF100757.jpg;
Calçados;Casual / Lifestyle;FOF100561;Radar;649,90;;Jet Black;Jet Black;FOF100561.jpg;
Calçados;Sandálias;FOF100686;Raptor;199,90;;Stone Grey / Jet Black / Pebble;Jet Black;FOF100686.jpg;
Calçados;Sandálias;FOF100503;Crowd;229,90;;Black / Off White;Black;FOF100503.jpg;
Calçados;Sandálias;FOF100726;Operative Heritage;249,90;Morumbi;Light Grey;Light Grey;FOF100726.jpg;
Calçados;Sandálias;FOF100459;Killer Point II;279,90;;White/Black / Blackout / Granite Grey;Blackout;FOF100459.jpg;
Calçados;Sandálias;FOF100534;Titan;299,90;;Black / Khaki / Black/Red / Black/Brown;Black;FOF100534.jpg;
Calçados;Sandálias;FOF100458;Killer Point II Camo;329,90;;Jet Black;Jet Black;FOF100458.jpg;
Calçados;Sandálias;FOF100579;Titan Slide;349,90;;Black;Black;FOF100579.jpg;
Calçados;Sandálias;FOF100755;Titan Camo;349,90;;Jet Black;Jet Black;FOF100755.jpg;
Importados;Coleção Japão;FOA409401;FGL Union SS Tee 6.7;449,90;Morumbi + Dom Pedro;Phantom;Phantom;FOA409401.jpg;
Importados;Coleção Japão;FOA409413;FGL Axis Pants 6.7;979,90;Morumbi;Phantom;Phantom;FOA409413.jpg;
Importados;Coleção Japão;FOA409414;FGL Fuel LS Shirts 6.7;979,90;Morumbi;White;White;FOA409414.jpg;
Importados;Coleção Japão;FOA409406;FGL Red Code Vest 6.7;1.589,90;Morumbi;Rouge;Rouge;FOA409406.jpg;
Importados;Coleção Japão;FOA409408;FGL Stealth Pants 2.0;1.739,90;Morumbi;Stealth Black;Stealth Black;FOA409408.jpg;
Importados;Coleção Japão;FOA409399;FGL Stealth Sweater 2.0;1.969,90;Morumbi;Stealth Black;Stealth Black;FOA409399.jpg;
Importados;Coleção Japão;FOA409389;FGL Stealth INS Jacket 2.0;3.929,90;Morumbi;Stealth Black;Stealth Black;FOA409389.jpg;
Importados;Coleção Japão;FOS902077;Oakley ShoeOne Bag;869,90;Morumbi;Triple Black;Triple Black;FOS902077.jpg;
Importados;Latitude;FOA408545;Latitude Veil Tee;659,90;Morumbi;Pitch Black / Cement;Pitch Black;FOA408545.jpg;
Importados;Latitude;FOA407895;Latitude Veil Shorts;1.179,90;Morumbi;Cement;Cement;FOA407895.jpg;
Importados;Latitude;FOA408386;Latitude Veil 3/4 Shorts;1.699,90;Morumbi;Pitch Black;Pitch Black;FOA408386.jpg;
Importados;Latitude;FOA407871;Latitude Veil Pant;2.799,90;Morumbi;Mist;Mist;FOA407871.jpg;
Importados;Latitude;FOA407923;Latitude Veil Mid Layer;2.869,90;Morumbi;Cement;Cement;FOA407923.jpg;
Importados;Latitude;FOA407945;Latitude Veil Flow Jacket;2.869,90;Morumbi;Mist;Mist;FOA407945.jpg;
Importados;Latitude;FOA407866;Latitude Veil Slingpack Jacket;4.569,90;Morumbi;Mist;Mist;FOA407866.jpg;
Importados;Latitude;FOS901941;Latitude Expedition Bag;1.899,90;;Blackout;Blackout;FOS901941.jpg;
Importados;Latitude;FOS901940;Latitude Flex Belt Bag;;;Blackout;Blackout;FOS901940.jpg;
Importados;Reserve;FOA407892;Echo Rise Shorts;519,90;Morumbi;Mist;Mist;FOA407892.jpg;
Importados;Reserve;FOA409103;Reserve Strato Reflective Tee;329,90;;Cement Melange;Cement Melange;FOA409103.jpg;
Importados;Reserve;FOA407926;Reserve Momento Protopia Tee;369,90;Morumbi;Faded Green / Mist;Faded Green;FOA407926.jpg;
Importados;Reserve;FOS902306;47 Reserve Distressed Cap;659,90;Morumbi;Granite Grey;Granite Grey;FOS902306.jpg;
Importados;Reserve;FOA407983;Echo Rise Vest;809,90;Morumbi;Mist;Mist;FOA407983.jpg;
Importados;Reserve;FOS902081;Reserve Pouch;809,90;;Aviator Green / Pitch Black / Granite Grey;Pitch Black;FOS902081.jpg;
Importados;Reserve;FOA408660;Echo Mod Pant;849,90;Morumbi;Granite Grey;Granite Grey;FOA408660.jpg;
Importados;Reserve;FOA408692;Echo Mod Overshirt;879,90;Morumbi;Granite Grey;Granite Grey;FOA408692.jpg;
Importados;Reserve;FOA407872;Reserve Momento Utility Pant;1.329,90;;Aviator Green;Aviator Green;FOA407872.jpg;
Importados;Reserve;FOA408706;Reserve Strato Cargo Pant;1.439,90;Morumbi;Pitch Black;Pitch Black;FOA408706.jpg;
Importados;Reserve;FOA408690;Reserve Strato Vest;1.919,90;Morumbi;Cement;Cement;FOA408690.jpg;
Importados;Reserve;FOF100704;Eon Shift;2.139,90;Morumbi;Pitch Black;Pitch Black;FOF100704.jpg;
Importados;Reserve;FOA407864;Reserve Momento Jacket;2.509,90;Morumbi;Aviator Green;Aviator Green;FOA407864.jpg;
Acessórios;Bonés;FOS900836;O Original Patch Trucker;239,90;;Blackout Dark;Blackout Dark;FOS900836.jpg;
Acessórios;Bonés;FOS900835;Ellipse Mesh Hat;279,90;;Black/White / Cement;Black/White;FOS900835.jpg;
Acessórios;Bonés;FOS900906;B1B HDO Patch Trucker;279,90;;Blackout;Blackout;FOS900906.jpg;
Acessórios;Bonés;FOS902307;Mod Cap;279,90;;Pitch Black / Granite Grey;Pitch Black;FOS902307.jpg;
Acessórios;Bonés;FOS901818;Rope Hat;279,90;;Graphite;Graphite;FOS901818.jpg;
Acessórios;Bonés;912209;Panel Stretch Metallic Hat;329,90;;Blackout / Deep Olive/Mist;Blackout;912209.jpg;
Acessórios;Bonés;FOS902102;Bark Embossed Hat;329,90;;Pitch Black/Flame Red;Pitch Black/Flame Red;FOS902102.jpg;
Acessórios;Bonés;FOS900499;Tincan Remix Cap;329,90;;Cocoa Brown / Blackout;Blackout;FOS900499.jpg;
Acessórios;Bonés;911545;Tincan Cap;329,90;;White / Black/Graphic Camo / Fathom/Light Grey / Black/Carbon Fiber;Black/Graphic Camo;911545.jpg;
Acessórios;Bonés;FOS902287;Cutdraw Hat;329,90;;White / Pitch Black;Pitch Black;FOS902287.jpg;
Acessórios;Bonés;FOS901817;Bark Snapback;329,90;;Granite Grey;Granite Grey;FOS901817.jpg;
Acessórios;Bonés;FOS902288;Circle Bark;329,90;;Mist;Mist;FOS902288.jpg;
Acessórios;Bonés;FOS901486;Tincan LX;379,90;;Blackout;Blackout;FOS901486.jpg;
Acessórios;Bonés;FOS901220;Remix Dad Hat;379,90;;Dark Umber / Blackout;Blackout;FOS901220.jpg;
Acessórios;Bonés;FOS902103;47 Soho Gen Dad Cap;429,90;;Pebble / Aviator Green;Pebble;FOS902103.jpg;
Acessórios;Gorros, bucket e peças extras;91099A;Fine Knit Beanie;219,90;;Blackout;Blackout;91099A.jpg;
Acessórios;Gorros, bucket e peças extras;FOS902279;Ellipse Waffle Beanie;359,90;;Pitch Black;Pitch Black;FOS902279.jpg;
Acessórios;Gorros, bucket e peças extras;FOS901946;Ellipse Graphic Beanie;469,90;;Black/Grey;Black/Grey;FOS901946.jpg;
Acessórios;Gorros, bucket e peças extras;FOA402573;Podium Plaid LS Flannel;439,90;;Pitch Black/Cement/Mist Check;Pitch Black/Cement/Mist Check;FOA402573.jpg;
Acessórios;Gorros, bucket e peças extras;FOA406124;Oakley Utility Chino Shorts;439,90;;Blackout;Blackout;FOA406124.jpg;
Acessórios;Gorros, bucket e peças extras;FOS902104;47 Soho Gen Bucket Hat;519,90;Morumbi;Pitch Black / Aviator Green;Pitch Black;FOS902104.jpg;
Acessórios;Gorros, bucket e peças extras;FOA408693;Off-Slope Solid Overshirt;1.249,90;Morumbi + Dom Pedro;Pitch Black;Pitch Black;FOA408693.jpg;
Acessórios;Cintos, carteiras e bolsas pequenas;FOS900696;Essential Icon Carabiner;129,90;;Blackout / Silver / Dark Brush;Blackout;FOS900696.jpg;
Acessórios;Cintos, carteiras e bolsas pequenas;FOS901036;Contendar Belt;209,90;;Black/Graphite;Black/Graphite;FOS901036.jpg;
Acessórios;Cintos, carteiras e bolsas pequenas;FOS901652;Rover Wallet;239,90;;Blackout;Blackout;FOS901652.jpg;
Acessórios;Cintos, carteiras e bolsas pequenas;96185;Ellipse Web Belt;279,90;;Blackout / White / Cement / Pebble;Blackout;96185.jpg;
Acessórios;Cintos, carteiras e bolsas pequenas;FOS901420;Essential Canvas Tote 7.0;289,90;;Black Print;Black Print;FOS901420.jpg;
Acessórios;Cintos, carteiras e bolsas pequenas;FOS900851;Transit Belt Bag;289,90;;Graffiti Camo Green / Blackout;Blackout;FOS900851.jpg;
Acessórios;Cintos, carteiras e bolsas pequenas;FOS901815;Latitude Web Belt;359,90;;Cement / Army Green;Cement;FOS901815.jpg;
Acessórios;Cintos, carteiras e bolsas pequenas;FOS901481;Rover Crossbody;379,90;;Blackout;Blackout;FOS901481.jpg;
Acessórios;Cintos, carteiras e bolsas pequenas;FOS901214;Oakley Turbine Umbrella;409,90;;Blackout;Blackout;FOS901214.jpg;
Acessórios;Mochilas e bolsas;FOS902258;Confront Bag;379,90;;Blackout / Oxide;Blackout;FOS902258.jpg;
Acessórios;Mochilas e bolsas;FOS902259;Navigate Bag;449,90;;Blackout / Khaki;Blackout;FOS902259.jpg;
Acessórios;Mochilas e bolsas;FOS902290;Enduro 20L;529,90;;Granite Grey / Pitch Black;Pitch Black;FOS902290.jpg;
Acessórios;Mochilas e bolsas;FOS902324;Bravo Bag;599,90;;Blackout;Blackout;FOS902324.jpg;
Acessórios;Mochilas e bolsas;FOS901202;The Freshman Skate Backpack;629,90;;Blackout;Blackout;FOS901202.jpg;
Acessórios;Mochilas e bolsas;FOS902291;Enduro 25L;669,90;;Pitch Black;Pitch Black;FOS902291.jpg;
Acessórios;Mochilas e bolsas;FOS901478;Rover Laptop Backpack;799,90;;Blackout;Blackout;FOS901478.jpg;
Acessórios;Mochilas e bolsas;FOS901958;Oakley Packable Duffle;869,90;;Blackout;Blackout;FOS901958.jpg;
Acessórios;Mochilas e bolsas;FOS902292;Enduro 30L;909,90;;Pitch Black;Pitch Black;FOS902292.jpg;
Acessórios;Mochilas e bolsas;FOS902082;Rover Commuter Tote;1.149,90;;Blackout;Blackout;FOS902082.jpg;
Acessórios;Mochilas e bolsas;FOS901479;Heritage Icon BP;1.389,90;;Blackout;Blackout;FOS901479.jpg;
Acessórios;Mochilas e bolsas;FOS902294;Terraquest 29L Backpack;1.829,90;;Pitch Black;Pitch Black;FOS902294.jpg;
Acessórios;Mochilas e bolsas;FOS901477;Bathroom Sink RC Backpack;1.919,90;;Blackout;Blackout;FOS901477.jpg;
Acessórios;Mochilas e bolsas;92060A;Kitchen Sink;2.309,90;;Stealth Black / Total Coyote / Deep Olive;Stealth Black;92060A.jpg;
